{"cameraMode":{"drawMode":0,"name":"Shaded","section":"Shading Mode"},"sceneLighting":true,"audioPlay":false,"sceneViewState":{"m_AlwaysRefresh":false,"showFog":true,"showSkybox":true,"showFlares":true,"showImageEffects":true,"showParticleSystems":true,"showVisualEffectGraphs":true,"m_FxEnabled":true},"in2DMode":false,"pivot":{"x":-0.5644607543945313,"y":0.7999587059020996,"z":0.07482528686523438},"rotation":{"x":-0.20003414154052735,"y":0.3837723731994629,"z":-0.08554064482450485,"w":-0.8974364995956421},"size":2.9660251140594484,"orthographic":false}